[
  {
    "id": 1,
    "user_id": 0,
    "session_id": "f9c1a04c-211f-4211-bc2d-72f3af766adc",
    "order_number": "ORD-20250621-170210",
    "customer_name": "Cenap Oktay",
    "email": "cenapoktay@gmail.com",
    "phone": "05448113105",
    "address": "Gultepe\r\n3",
    "items": [
      {
        "product_id": 3,
        "name": "oke",
        "price": 66,
        "image": "/static/uploads/965a71d9-cc66-46ed-96a2-12646a7745f8.jpg",
        "quantity": 1,
        "total_price": 66
      },
      {
        "product_id": 4,
        "name": "su arıtma musluğu",
        "price": 300,
        "image": "/static/uploads/278f51e2-7d7e-4125-91cf-6963f9d14bbd.jpg",
        "quantity": 1,
        "total_price": 300
      },
      {
        "product_id": 1,
        "name": "deneme",
        "price": 6,
        "image": "/static/uploads/75d45004-bf34-4c2c-99bf-9167885f8391.jpg",
        "quantity": 1,
        "total_price": 6
      }
    ],
    "total_price": 372,
    "status": "pending",
    "payment_method": "",
    "notes": "",
    "created_at": "2025-06-21T17:02:10.9058418+03:00",
    "updated_at": "2025-06-21T17:02:10.9058418+03:00"
  },
  {
    "id": 2,
    "user_id": 0,
    "session_id": "f9c1a04c-211f-4211-bc2d-72f3af766adc",
    "order_number": "ORD-20250621-170602",
    "customer_name": "Cenap Oktay",
    "email": "cenapoktay@gmail.com",
    "phone": "05448113105",
    "address": "Gultepe\r\n3",
    "items": [
      {
        "product_id": 3,
        "name": "oke",
        "price": 66,
        "image": "/static/uploads/965a71d9-cc66-46ed-96a2-12646a7745f8.jpg",
        "quantity": 1,
        "total_price": 66
      },
      {
        "product_id": 4,
        "name": "su arıtma musluğu",
        "price": 300,
        "image": "/static/uploads/278f51e2-7d7e-4125-91cf-6963f9d14bbd.jpg",
        "quantity": 1,
        "total_price": 300
      },
      {
        "product_id": 1,
        "name": "deneme",
        "price": 6,
        "image": "/static/uploads/75d45004-bf34-4c2c-99bf-9167885f8391.jpg",
        "quantity": 1,
        "total_price": 6
      }
    ],
    "total_price": 372,
    "status": "pending",
    "payment_method": "",
    "notes": "",
    "created_at": "2025-06-21T17:06:02.8278577+03:00",
    "updated_at": "2025-06-21T17:06:02.8278577+03:00"
  }
]